Elastic its,Damage its,Newton inner its,FP step,Newton step
1,1,1.0,2.260489331801545,0.0
1,1,1.0,0.11855969394016747,0.0
1,1,1.0,1.4578802812482873e-16,0.0
