t,Elastic energy,Dissipated energy,Total energy
0.0,22.561533921471785,47.20984867440977,69.7713825958815
5.0,23.884285852632196,47.201519209853274,71.0858050624856
10.0,28.09664966801146,47.237223359154775,75.33387302716777
15.0,33.8442835410272,47.298850683732915,81.14313422476074
20.0,40.70112472495751,47.38636903633241,88.08749376128912
