Elastic its,Damage its,Newton inner its,FP step,Newton step
1,1,1.0,0.0004214887518179509,0.0
1,1,1.0,2.8275838166410914e-05,0.0
