Elastic its,Damage its,Newton inner its,FP step,Newton step
1,1,1.0,0.0008025467818970378,0.0
1,1,1.0,5.40050672386761e-05,0.0
