Elastic its,Damage its,Newton inner its,FP step,Newton step
1,1,1.0,0.23004357210611787,0.0
1,1,1.0,0.012415398696538368,0.0
1,1,1.0,0.002299986722987944,0.0
1,1,1.0,0.00047060899128958787,0.0
1,1,1.0,9.884835486583261e-05,0.0
