Elastic its,Damage its,Newton inner its,FP step,Newton step
1,1,1.0,0.1382003984803049,0.0
1,1,1.0,0.013980889334826304,0.0
1,1,1.0,0.0011105923680122935,0.0
1,1,1.0,0.00029688435616260285,0.0
1,1,1.0,5.117077930405071e-05,0.0
