Elastic its,Damage its,Newton inner its,FP step,Newton step
1,1,1.0,0.37678164689023685,0.0
1,1,1.0,0.045211374048636545,0.0
1,1,1.0,0.01977108348456898,0.0
1,1,1.0,0.010092570719884928,0.0
1,1,1.0,0.005491854403503351,0.0
1,1,1.0,0.0030916945860513575,0.0
1,1,1.0,0.001776875208569528,0.0
1,1,1.0,0.0010357555201076167,0.0
1,1,1.0,0.0006102590286546018,0.0
1,1,1.0,0.0003627410133091795,0.0
1,1,1.0,0.0002172631277577214,0.0
1,1,1.0,0.00013101178230229157,0.0
1,1,1.0,7.948122481094678e-05,0.0
