Elastic its,Damage its,Newton inner its,FP step,Newton step
1,1,1.0,0.0002481558496124965,0.0
1,1,1.0,1.6629966689396818e-05,0.0
