Elastic its,Damage its,Newton inner its,FP step,Newton step
1,1,1.0,0.0005146391148535586,0.0
1,1,1.0,3.454836379969184e-05,0.0
