Elastic its,Damage its,Newton inner its,FP step,Newton step
1,1,1.0,0.0006374087169761654,0.0
1,1,1.0,4.283133307914473e-05,0.0
