Elastic its,Damage its,Newton inner its,FP step,Newton step
1,1,1,12.082840395317646,12.082840395317648
1,1,1,39.75937225554622,39.75937225554948
1,1,44,0.1109503604557853,0.1138575234301285
1,1,43,0.00708223222500074,0.12877701126929733
1,1,42,0.1257021460971385,0.253442972673025
1,1,45,0.24135678887489095,0.24135678887489095
1,1,41,0.024543907156200667,0.024547347608589065
1,1,46,0.0010216657786132287,0.0010216657786132287
