Elastic its,Damage its,Newton inner its,FP step,Newton step
1,1,1.0,0.00029307648989211204,0.0
1,1,1.0,1.9644928708334615e-05,0.0
