Elastic its,Damage its,Newton inner its,FP step,Newton step
1,1,1.0,0.0003495355030542019,0.0
1,1,1.0,2.3437439905462168e-05,0.0
